{
    "gravity": false,
    "name": "Collision",
    "objectCount": 11,
    "objects": {
        "object0": {
            "color": 1,
            "id": 0,
            "shape": {
                "height": 1.0,
                "rigidbody": {
                    "a": "0.000000;0.000000",
                    "epsilon": 0.0,
                    "m": "inf",
                    "omega": 0.0,
                    "pos": "4.000000;-5.000000",
                    "theta": 0.0,
                    "v": "0.000000;0.000000"
                },
                "type": 114,
                "width": 5.0
            },
            "type": 0
        },
        "object1": {
            "color": 1,
            "id": 1,
            "shape": {
                "height": 5.0,
                "rigidbody": {
                    "a": "0.000000;0.000000",
                    "epsilon": 0.0,
                    "m": "inf",
                    "omega": 0.0,
                    "pos": "1.000000;-3.000000",
                    "theta": 0.0,
                    "v": "0.000000;0.000000"
                },
                "type": 114,
                "width": 1.0
            },
            "type": 0
        },
        "object10": {
            "color": 1,
            "id": 10,
            "shape": {
                "height": 0.3,
                "rigidbody": {
                    "a": "0.000000;0.000000",
                    "epsilon": 0.0,
                    "m": "10.000000",
                    "omega": 0.0,
                    "pos": "2.100000;-2.540000",
                    "theta": 0.2,
                    "v": "0.000000;1.000000"
                },
                "type": 114,
                "width": 1.0
            },
            "type": 1
        },
        "object2": {
            "color": 1,
            "id": 2,
            "shape": {
                "height": 5.0,
                "rigidbody": {
                    "a": "0.000000;0.000000",
                    "epsilon": 0.0,
                    "m": "inf",
                    "omega": 0.0,
                    "pos": "7.000000;-3.000000",
                    "theta": 0.0,
                    "v": "0.000000;0.000000"
                },
                "type": 114,
                "width": 1.0
            },
            "type": 0
        },
        "object3": {
            "color": 1,
            "id": 3,
            "shape": {
                "height": 1.0,
                "rigidbody": {
                    "a": "0.000000;0.000000",
                    "epsilon": 0.0,
                    "m": "inf",
                    "omega": 0.0,
                    "pos": "4.000000;-1.000000",
                    "theta": 0.0,
                    "v": "0.000000;0.000000"
                },
                "type": 114,
                "width": 5.0
            },
            "type": 0
        },
        "object4": {
            "color": 2,
            "id": 4,
            "shape": {
                "height": 0.2,
                "rigidbody": {
                    "a": "0.000000;0.000000",
                    "epsilon": 0.0,
                    "m": "20.000000",
                    "omega": 0.0,
                    "pos": "3.000000;-4.000000",
                    "theta": 0.0,
                    "v": "1.000000;0.300000"
                },
                "type": 114,
                "width": 0.5
            },
            "type": 1
        },
        "object5": {
            "color": 3,
            "id": 5,
            "shape": {
                "radius": 0.2,
                "rigidbody": {
                    "a": "0.000000;0.000000",
                    "epsilon": 0.0,
                    "m": "10.000000",
                    "omega": 0.0,
                    "pos": "4.000000;-4.000000",
                    "theta": 0.0,
                    "v": "0.500000;1.000000"
                },
                "type": 99
            },
            "type": 1
        },
        "object6": {
            "color": 3,
            "id": 6,
            "shape": {
                "radius": 0.5,
                "rigidbody": {
                    "a": "0.000000;0.000000",
                    "epsilon": 0.0,
                    "m": "30.000000",
                    "omega": 0.0,
                    "pos": "6.000000;-2.300000",
                    "theta": 0.0,
                    "v": "-1.500000;0.200000"
                },
                "type": 99
            },
            "type": 1
        },
        "object7": {
            "color": 1,
            "id": 7,
            "shape": {
                "height": 0.3,
                "rigidbody": {
                    "a": "0.000000;0.000000",
                    "epsilon": 0.0,
                    "m": "22.000000",
                    "omega": 0.0,
                    "pos": "6.000000;-4.000000",
                    "theta": 0.0,
                    "v": "-0.500000;0.500000"
                },
                "type": 114,
                "width": 0.5
            },
            "type": 1
        },
        "object8": {
            "color": 0,
            "id": 8,
            "shape": {
                "radius": 0.25,
                "rigidbody": {
                    "a": "0.000000;0.000000",
                    "epsilon": 0.0,
                    "m": "20.000000",
                    "omega": 0.0,
                    "pos": "4.300000;-2.300000",
                    "theta": 0.0,
                    "v": "-2.000000;-1.200000"
                },
                "type": 99
            },
            "type": 1
        },
        "object9": {
            "color": 2,
            "id": 9,
            "shape": {
                "radius": 0.3,
                "rigidbody": {
                    "a": "0.000000;0.000000",
                    "epsilon": 0.0,
                    "m": "29.000000",
                    "omega": 0.0,
                    "pos": "5.300000;-3.300000",
                    "theta": 0.0,
                    "v": "-0.500000;0.500000"
                },
                "type": 99
            },
            "type": 1
        }
    }
}