{
    "gravity": true,
    "name": "fdasf",
    "objectCount": 8,
    "objects": {
        "object0": {
            "color": 1,
            "id": 0,
            "shape": {
                "height": 2.0,
                "rigidbody": {
                    "a": "0.000000;0.000000",
                    "epsilon": 0.0,
                    "m": "inf",
                    "omega": 0.0,
                    "pos": "8.000000;-10.000000",
                    "theta": 0.0,
                    "v": "0.000000;0.000000"
                },
                "type": 114,
                "width": 9.0
            },
            "type": 0
        },
        "object1": {
            "color": 1,
            "id": 1,
            "shape": {
                "height": 0.3,
                "rigidbody": {
                    "a": "0.000000;-9.800000",
                    "epsilon": 0.0,
                    "m": "10.000000",
                    "omega": 0.0,
                    "pos": "0.090000;-1115.843126",
                    "theta": 0.0,
                    "v": "0.000000;-147.824797"
                },
                "type": 114,
                "width": 0.3
            },
            "type": 1
        },
        "object2": {
            "color": 3,
            "id": 2,
            "shape": {
                "height": 0.3,
                "rigidbody": {
                    "a": "0.000000;0.000000",
                    "epsilon": 0.0,
                    "m": "inf",
                    "omega": 0.0,
                    "pos": "5.000000;-7.000000",
                    "theta": 2.7,
                    "v": "0.000000;0.000000"
                },
                "type": 114,
                "width": 5.0
            },
            "type": 0
        },
        "object3": {
            "color": 2,
            "id": 3,
            "shape": {
                "radius": 0.3,
                "rigidbody": {
                    "a": "0.000000;-9.800000",
                    "epsilon": 0.0,
                    "m": "10.000000",
                    "omega": 0.0,
                    "pos": "0.040000;-1116.293126",
                    "theta": 0.0,
                    "v": "0.000000;-147.824797"
                },
                "type": 99
            },
            "type": 1
        },
        "object4": {
            "color": 1,
            "id": 4,
            "shape": {
                "height": 0.3,
                "rigidbody": {
                    "a": "0.000000;0.000000",
                    "epsilon": 0.0,
                    "m": "inf",
                    "omega": 0.0,
                    "pos": "10.000000;-4.000000",
                    "theta": -2.5,
                    "v": "0.000000;0.000000"
                },
                "type": 114,
                "width": 5.0
            },
            "type": 0
        },
        "object5": {
            "color": 3,
            "id": 5,
            "shape": {
                "height": 0.3,
                "rigidbody": {
                    "a": "0.000000;0.000000",
                    "epsilon": 0.0,
                    "m": "inf",
                    "omega": 0.0,
                    "pos": "5.000000;-2.160000",
                    "theta": 2.7,
                    "v": "0.000000;0.000000"
                },
                "type": 114,
                "width": 5.0
            },
            "type": 0
        },
        "object6": {
            "color": 2,
            "id": 6,
            "shape": {
                "height": 1.5,
                "rigidbody": {
                    "a": "0.000000;0.000000",
                    "epsilon": 0.0,
                    "m": "inf",
                    "omega": 0.0,
                    "pos": "11.890000;-8.180000",
                    "theta": 0.0,
                    "v": "0.000000;0.000000"
                },
                "type": 114,
                "width": 0.6
            },
            "type": 0
        },
        "object7": {
            "color": 3,
            "id": 7,
            "shape": {
                "radius": 0.3,
                "rigidbody": {
                    "a": "0.000000;0.000000",
                    "epsilon": 0.0,
                    "m": "10.000000",
                    "omega": 0.0,
                    "pos": "4.150000;-0.560000",
                    "theta": 0.0,
                    "v": "0.000000;0.000000"
                },
                "type": 99
            },
            "type": 1
        }
    }
}