{
    "gravity": true,
    "name": "scene2",
    "objectCount": 5,
    "objects": {
        "object0": {
            "color": 1,
            "id": 0,
            "shape": {
                "height": 1.0,
                "rigidbody": {
                    "a": "0.000000;0.000000",
                    "epsilon": 0.0,
                    "m": "inf",
                    "omega": 0.0,
                    "pos": "4.000000;-6.000000",
                    "theta": 0.0,
                    "v": "0.000000;0.000000"
                },
                "type": 114,
                "width": 7.0
            },
            "type": 0
        },
        "object1": {
            "color": 0,
            "id": 1,
            "shape": {
                "height": 1.0,
                "rigidbody": {
                    "a": "0.000000;0.000000",
                    "epsilon": 0.0,
                    "m": "40.000000",
                    "omega": 0.0,
                    "pos": "5.000000;4.000000",
                    "theta": 2.1,
                    "v": "0.000000;0.000000"
                },
                "type": 114,
                "width": 1.0
            },
            "type": 1
        },
        "object2": {
            "color": 3,
            "id": 2,
            "shape": {
                "height": 0.3,
                "rigidbody": {
                    "a": "0.000000;0.000000",
                    "epsilon": 0.0,
                    "m": "10.000000",
                    "omega": 0.0,
                    "pos": "0.140000;-1.040000",
                    "theta": 0.0,
                    "v": "0.000000;0.000000"
                },
                "type": 114,
                "width": 0.3
            },
            "type": 1
        },
        "object3": {
            "color": 2,
            "id": 3,
            "shape": {
                "height": 0.3,
                "rigidbody": {
                    "a": "0.000000;0.000000",
                    "epsilon": 0.0,
                    "m": "10.000000",
                    "omega": 0.0,
                    "pos": "3.190000;-1.900000",
                    "theta": 1.0,
                    "v": "0.000000;0.000000"
                },
                "type": 114,
                "width": 0.3
            },
            "type": 1
        },
        "object4": {
            "color": 0,
            "id": 4,
            "shape": {
                "height": 0.3,
                "rigidbody": {
                    "a": "0.000000;0.000000",
                    "epsilon": 0.0,
                    "m": "10.000000",
                    "omega": 0.0,
                    "pos": "3.960000;-2.010000",
                    "theta": 0.0,
                    "v": "0.000000;0.000000"
                },
                "type": 114,
                "width": 0.3
            },
            "type": 1
        }
    }
}